{
  "notice": [
    {
      "id": "zombietrip",
      "start": "2022-09-22 00:00:00",
      "end": "2022-09-24 23:59:59",
      "img": "images/notice/zombietrip.jpg",
      "link": "https://www.youtube.com/watch?v=YTSfzMdPaQg",
      "title": {
        "ko": "좀비트립 8화",
        "en": "Zombie Trip #8"
      },
      "contents": {
        "ko": "꼭 보십시오.",
        "en": "꼭 보십시오."
      },
      "color": "#ffffff"
    },
    {
      "id": "zombietrip",
      "start": "2022-09-22 00:00:00",
      "end": "2022-09-24 23:59:59",
      "title": {
        "ko": "오픈 공지",
        "en": "Zombie Trip #8"
      },
      "contents": {
        "ko": "알려드립니다. 체육관을 10월중으로 오픈합니다.",
        "en": "알려드립니다. 체육관을 10월중으로 오픈합니다."
      }
    }
  ]
}